{"cameraMode":{"drawMode":0,"name":"Shaded","section":"Shading Mode"},"sceneLighting":false,"audioPlay":false,"sceneViewState":{"showFog":true,"showMaterialUpdate":false,"showSkybox":false,"showFlares":true,"showImageEffects":true,"showParticleSystems":true},"in2DMode":false,"pivot":{"x":187.38479614257813,"y":186.66078186035157,"z":17.44525909423828},"rotation":{"x":0.024907341226935388,"y":0.001194393145851791,"z":-0.000030200577384675853,"w":0.9996933341026306},"size":446.4136657714844,"orthographic":false}