{"cameraMode":{"drawMode":0,"name":"Shaded","section":"Shading Mode"},"sceneLighting":false,"audioPlay":false,"sceneViewState":{"showFog":true,"showMaterialUpdate":false,"showSkybox":false,"showFlares":true,"showImageEffects":true,"showParticleSystems":true},"in2DMode":false,"pivot":{"x":276.3978271484375,"y":190.76678466796876,"z":17.434680938720704},"rotation":{"x":0.024907341226935388,"y":0.001194393145851791,"z":-0.000030200577384675853,"w":0.9996933341026306},"size":405.2586975097656,"orthographic":false}