{"cameraMode":{"drawMode":0,"name":"Shaded","section":"Shading Mode"},"sceneLighting":false,"audioPlay":false,"sceneViewState":{"showFog":true,"showMaterialUpdate":false,"showSkybox":true,"showFlares":true,"showImageEffects":true,"showParticleSystems":true},"in2DMode":false,"pivot":{"x":-0.014803136698901654,"y":-0.02535169944167137,"z":0.09354010224342346},"rotation":{"x":0.19450949132442475,"y":-0.038543701171875,"z":0.0076488652266561989,"w":0.9801169633865356},"size":17.747041702270509,"orthographic":false}