{"cameraMode":{"drawMode":0,"name":"Shaded","section":"Shading Mode"},"sceneLighting":false,"audioPlay":false,"sceneViewState":{"showFog":true,"showMaterialUpdate":false,"showSkybox":true,"showFlares":true,"showImageEffects":true,"showParticleSystems":true},"in2DMode":false,"pivot":{"x":115.16524505615235,"y":129.2268524169922,"z":-4.510195732116699},"rotation":{"x":-0.021587084978818895,"y":0.011691873893141747,"z":0.0002513436775188893,"w":0.9997021555900574},"size":481.7788391113281,"orthographic":false}