{"cameraMode":{"drawMode":0,"name":"Shaded","section":"Shading Mode"},"sceneLighting":false,"audioPlay":false,"sceneViewState":{"showFog":true,"showMaterialUpdate":false,"showSkybox":true,"showFlares":true,"showImageEffects":true,"showParticleSystems":true},"in2DMode":false,"pivot":{"x":3.583725690841675,"y":15.916298866271973,"z":2.9977874755859377},"rotation":{"x":-0.021587084978818895,"y":0.011691873893141747,"z":0.0002513436775188893,"w":0.9997021555900574},"size":37.50617980957031,"orthographic":false}