{"cameraMode":{"drawMode":0,"name":"Shaded","section":"Shading Mode"},"sceneLighting":false,"audioPlay":false,"sceneViewState":{"showFog":true,"showMaterialUpdate":false,"showSkybox":true,"showFlares":true,"showImageEffects":true,"showParticleSystems":true},"in2DMode":false,"pivot":{"x":5.9886393547058109,"y":-106.82938385009766,"z":233.548828125},"rotation":{"x":0.006609322037547827,"y":-0.010804533027112484,"z":0.00007185128197306767,"w":0.9999216198921204},"size":231.76898193359376,"orthographic":false}