{"cameraMode":{"drawMode":0,"name":"Shaded","section":"Shading Mode"},"sceneLighting":false,"audioPlay":false,"sceneViewState":{"showFog":true,"showMaterialUpdate":false,"showSkybox":true,"showFlares":true,"showImageEffects":true,"showParticleSystems":true},"in2DMode":false,"pivot":{"x":293.82501220703127,"y":159.78750610351563,"z":0.0},"rotation":{"x":-0.021587084978818895,"y":0.011691873893141747,"z":0.0002513436775188893,"w":0.9997021555900574},"size":372.9461364746094,"orthographic":false}